TLC,Protein,Sugar
42,72,39
17,65,23
77,75,39
14,76,20
80,80,41
10,87,39
84,58,37
69,65,20
21,87,42
6,81,40
81,86,23
76,78,37
11,61,25
30,69,31
55,60,25
25,81,29
23,66,34
89,63,30
16,76,20
33,86,26
34,89,30
19,78,43
55,67,28
73,60,38
92,60,28
92,77,25
99,71,36
91,63,35
18,83,28
14,80,30
12,62,38
68,69,30
66,69,28
27,87,24
62,70,37
6,83,38
5,58,37
65,76,42
86,66,34
13,77,33
93,68,41
18,81,36
52,77,42
77,87,37
35,83,36
76,69,37
8,88,39
75,76,34
26,77,30
54,66,41
62,82,24
8,89,27
73,86,42
29,58,40
48,76,22
81,80,29
31,88,23
57,84,38
85,82,44
46,89,33
87,77,31
20,80,40
69,68,33
73,69,22
30,89,41
92,78,37
12,67,22
31,65,41
30,64,39
27,88,23
14,61,39
72,76,22
28,70,30
32,67,28
42,68,31
62,85,37
88,59,42
43,79,24
13,79,34
37,68,23
39,64,40
15,67,28
28,62,31
20,80,23
92,81,28
30,85,43
76,66,37
97,79,39
79,81,34
67,76,40
51,68,20
37,79,22
93,61,39
28,87,40
60,72,38
70,78,36
82,69,30
8,86,34
5,79,35
82,67,25
11,68,44
57,60,43
90,78,44
75,69,28
7,74,40
81,84,26
96,71,39
26,68,32
80,61,40
12,69,41
82,86,21
77,68,24
80,79,41
81,60,38
48,70,24
25,68,36
35,80,34
41,86,44
12,76,32
50,66,23
73,88,27
62,58,34
87,71,20
18,76,23
15,64,41
28,78,31
86,69,41
12,82,28
29,78,22
79,77,21
97,70,34
25,62,23
37,71,21
17,83,22
70,66,28
99,61,35
65,63,33
29,89,30
87,85,36
7,88,35
97,87,30
15,60,32
59,85,21
87,58,20
91,65,23
75,83,37
71,86,20
76,86,26
53,87,23
59,66,41
20,85,30
10,59,25
22,87,21
47,62,24
25,64,29
53,86,40
27,59,34
18,80,20
58,67,27
89,61,43
15,72,31
60,89,33
66,78,25
61,61,30
94,81,40
26,77,23
88,86,27
30,71,33
19,86,25
18,82,36
89,84,31
48,77,34
11,62,27
82,73,31
61,69,20
64,89,44
20,62,34
29,70,43
14,78,43
71,84,40
76,64,34
58,77,21
74,74,34
41,73,41
26,62,20
45,68,34
82,64,22
96,84,23
54,62,27
52,83,27
82,88,27
45,61,36
83,58,22
50,64,25
92,76,26
21,89,38
33,67,39
50,76,35
72,89,34
71,83,28
83,74,33
51,68,32
5,75,25
34,76,31
68,78,35
80,80,34
40,58,37
58,64,22
98,87,26
38,86,30
7,71,25
89,58,41
88,85,31
53,58,32
59,84,26
37,76,28
33,80,32
60,78,34
87,84,34
36,84,38
33,59,27
99,63,38
79,71,29
13,66,34
37,76,42
13,86,40
89,87,21
82,76,35
55,64,43
84,85,44
46,79,29
69,75,32
88,88,43
29,76,33
25,81,24
49,64,43
20,81,27
35,62,25
96,63,26
19,87,31
24,81,42
31,60,21
91,77,39
12,81,36
58,62,43
52,75,33
65,79,28
39,71,22
37,68,20
24,82,35
72,77,39
29,84,24
88,75,27
99,58,42
43,66,21
52,66,28
10,78,28
84,72,20
68,62,26
92,76,20
37,80,27
47,82,40
79,79,26
71,89,37
93,65,38
35,87,26
22,81,23
73,68,30
69,83,38
65,81,36
83,88,41
22,84,37
44,71,31
40,88,34
86,69,30
33,68,26
27,68,28
43,82,22
46,82,42
79,73,42
82,83,21
75,62,20
30,69,32
53,85,26
55,83,25
67,71,40
49,64,25
59,60,44
5,61,34
91,87,40
21,68,42
24,62,20
14,86,25
97,61,42
56,63,27
15,76,25
73,64,36
28,71,24
19,72,20
68,72,33
26,67,26
51,64,40
8,85,40
61,74,20
93,78,25
85,81,35
51,89,25
59,61,21
84,65,20
76,64,41
19,79,41
82,58,41
20,76,32
30,84,36
58,67,42
89,67,20
63,86,21
90,61,39
34,76,43
49,79,42
42,73,36
27,59,42
96,65,29
59,83,32
81,66,41
17,65,30
64,77,37
31,59,34
81,65,27
76,88,40
92,61,32
44,87,27
48,65,26
81,87,38
43,85,20
96,67,30
74,85,32
38,77,25
48,66,40
31,84,31
61,65,35
74,62,44
78,71,22
57,88,34
94,67,26
32,73,44
48,82,30
6,72,21
87,83,44
99,84,23
31,79,29
89,80,27
35,58,42
69,77,41
27,77,26
57,79,29
8,85,20
75,59,38
17,66,21
44,72,42
88,68,24
53,79,32
66,88,26
75,73,39
18,76,26
41,61,33
28,84,36
27,61,22
71,89,35
97,87,22
58,65,27
14,80,30
46,82,40
62,81,37
93,68,38
98,68,42
81,66,22
87,89,29
16,70,20
41,76,27
21,65,25
35,81,28
89,66,40
62,87,29
40,81,21
46,72,31
86,60,22
7,88,28
90,85,32
98,61,43
41,81,31
51,74,28
85,68,22
32,62,42
77,74,38
33,73,29
7,82,22
18,88,35
46,88,22
41,68,36
45,83,43
23,84,37
43,78,21
68,60,31
51,71,21
94,73,40
7,81,37
33,66,20
83,61,31
80,78,25
63,74,34
47,81,31
31,73,32
26,84,36
63,72,24
21,81,37
97,83,34
42,82,29
16,81,41
27,75,39
11,78,20
19,82,27
92,73,20
80,61,34
40,67,44
68,72,36
37,78,25
96,60,36
54,88,40
5,70,24
27,83,26
75,58,27
41,59,29
23,60,22
32,71,22
33,69,24
57,84,33
99,82,22
55,77,23
51,80,20
12,69,22
90,86,26
21,67,36
34,73,25
16,71,37
66,81,26
19,66,38
35,85,34
13,89,25
45,64,20
53,83,29
35,73,21
28,83,37
71,67,33
97,89,23
69,72,29
17,82,32
22,76,32
38,59,41
15,64,33
33,86,29
80,69,26
10,78,43
86,72,33
10,67,42
47,68,43
91,61,34
57,75,42
62,73,27
61,61,27
83,73,22
92,64,20
86,88,40
15,68,40
77,63,29
53,78,34
24,83,40
17,85,33
30,80,37
82,71,41
21,82,29
9,84,30
93,72,26
32,73,22
55,62,33
73,74,34
8,84,20
63,77,30
17,89,38
7,67,39
81,77,44
66,82,44
20,76,30
79,82,24
17,81,31
23,78,44
35,72,38
64,64,42
10,78,40
21,85,26
65,81,24
48,79,35
36,63,41
49,62,27
29,81,36
67,72,34
84,65,41
26,60,25
24,71,23
82,68,28
38,84,38
9,82,34
44,89,36
72,75,32
39,81,25
39,59,39
47,71,44
83,84,32
87,79,30
43,73,28
53,75,31
86,82,41
10,59,28
96,69,35
13,69,43
45,60,40
74,60,25
10,58,25
12,84,36
83,77,43
42,84,37
83,84,24
38,77,40
32,78,33
56,81,44
82,65,38
35,88,38
48,61,42
51,89,27
14,73,37
72,86,25
8,70,39
72,72,28
59,81,35
68,64,24
85,63,36
33,81,40
42,86,20
69,60,30
42,81,25
98,79,27
23,68,34
83,73,30
75,79,34
97,72,25
57,82,32
15,81,35
37,59,25
51,78,32
68,69,35
98,70,29
23,73,27
41,84,22
34,76,34
44,88,31
33,71,40
59,59,22
34,78,24
60,86,36
95,81,35
32,64,25
65,78,23
17,59,43
22,77,40
76,72,42
96,85,20
12,88,20
88,58,40
61,72,37
56,59,34
37,78,23
81,70,40
67,74,37
56,58,42
35,71,23
27,71,34
10,85,38
96,88,24
27,76,34
81,62,38
27,68,30
23,71,26
98,82,43
34,72,21
23,65,20
57,61,20
36,85,32
54,59,28
88,68,31
98,58,25
50,63,38
56,84,43
91,70,25
20,81,25
76,75,34
53,68,43
33,78,22
88,72,20
32,82,44
48,62,23
24,76,22
84,86,43
75,75,44
93,77,39
91,73,33
16,75,34
70,87,33
98,65,41
20,86,36
56,65,42
91,58,20
50,81,28
68,60,37
47,84,29
27,77,26
87,62,39
45,74,40
49,71,44
21,62,27
22,88,25
93,78,29
5,78,25
87,62,38
76,60,36
19,85,42
41,76,20
31,62,42
37,89,40
6,70,41
53,61,29
93,58,25
27,76,34
39,77,22
99,63,36
26,59,26
73,58,33
72,67,38
53,89,36
23,61,22
16,82,20
16,86,27
57,64,41
81,69,24
73,70,22
50,69,29
69,65,31
94,88,23
45,74,30
12,82,27
12,58,40
38,87,39
63,78,40
12,66,40
39,82,29
9,69,27
10,77,40
66,68,34
55,88,25
81,75,43
50,76,39
26,86,36
97,68,33
76,87,38
97,65,37
30,64,40
6,65,24
18,73,23
43,70,29
90,77,39
32,58,25
43,61,26
89,77,30
38,73,28
6,61,32
36,75,29
43,85,22
33,60,44
80,73,39
36,87,23
56,58,22
71,77,42
72,70,28
37,81,43
79,87,26
37,79,31
10,82,33
5,58,26
42,89,31
77,88,41
48,78,35
29,59,43
21,71,24
46,78,38
29,68,24
26,86,31
32,70,31
51,80,24
40,72,35
67,82,21
73,72,32
67,70,21
37,69,28
50,66,26
93,58,35
47,74,39
62,64,41
30,80,36
37,82,40
38,71,27
11,89,34
70,83,31
56,61,32
36,83,29
12,89,40
18,84,25
8,65,22
33,72,21
20,75,30
34,87,28
71,74,25
66,72,20
88,71,22
63,77,29
87,73,24
39,59,33
35,67,20
62,61,23
54,83,24
51,87,31
88,77,32
46,60,36
25,80,34
45,59,22
55,81,40
9,61,37
14,87,42
5,72,35
95,65,20
26,58,44
79,61,43
26,61,20
38,89,21
43,82,23
42,83,43
48,58,35
38,72,37
46,83,29
76,79,39
74,86,32
75,89,37
28,61,21
91,62,26
44,78,43
36,84,44
42,58,37
43,66,37
61,72,35
92,72,28
33,66,38
41,88,36
71,88,22
15,73,38
89,85,28
5,65,26
21,82,30
35,68,43
8,72,21
83,87,33
64,77,44
58,76,29
74,72,22
54,68,38
79,61,39
51,75,25
32,87,38
38,73,38
77,83,39
73,83,44
44,62,43
37,63,24
12,67,21
38,62,32
67,66,25
19,80,21
82,87,43
48,85,37
66,79,32
90,74,29
41,66,20
17,87,42
58,64,43
31,64,36
87,72,32
17,82,44
30,80,28
6,68,41
46,62,42
60,58,36
60,62,39
69,70,26
20,63,40
97,78,31
45,67,29
65,76,39
75,74,34
54,76,25
55,61,33
37,64,31
95,66,25
25,73,40
57,65,22
43,60,43
70,75,21
85,61,28
62,59,41
57,73,25
94,73,27
24,73,44
99,88,44
69,60,30
47,60,43
52,77,39
26,83,29
6,87,33
94,76,20
43,64,34
17,68,33
23,86,34
82,76,24
82,83,44
93,75,23
95,75,44
88,63,32
44,78,22
20,66,28
42,78,28
41,72,35
6,81,25
37,76,27
35,73,37
12,77,38
55,58,26
55,63,35
37,88,44
48,66,24
46,76,36
74,67,38
6,62,28
56,88,41
35,74,24
87,73,27
54,89,29
86,58,42
87,77,33
76,85,28
26,78,29
23,67,30
51,80,24
49,81,31
96,64,44
14,82,21
9,58,38
82,82,34
68,88,34
28,74,34
64,79,27
69,76,23
87,74,33
36,86,28
6,82,26
89,80,37
83,59,42
73,67,34
59,79,32
30,58,37
88,70,33
32,58,32
61,66,43
97,75,41
13,77,33
60,88,44
81,81,43
51,79,37
54,59,43
16,76,25
13,72,30
66,80,33
79,61,37
28,60,20
93,75,34
94,82,33
87,64,38
87,63,44
10,84,27
47,83,31
51,59,27
26,70,26
56,63,30
78,73,24
47,59,36
18,84,27
23,64,34
28,73,41
50,86,23
57,61,29
38,86,24
59,58,44
19,79,27
62,70,20
66,87,32
45,72,42
77,81,21
70,61,27
27,60,22
7,86,24
91,86,20
6,83,40
77,78,23
56,69,41
76,88,23
92,87,37
82,78,37
67,78,43
53,89,31
5,83,40
47,83,27
44,67,39
8,89,23
62,78,35
48,85,44
58,72,40
48,82,27
79,75,35
80,87,28
64,80,43
71,80,38
79,71,44
96,88,29
10,81,34
31,76,21
72,62,44
36,79,41
16,65,41
8,61,33
59,81,42
6,70,43
18,75,37
64,71,23
61,80,20
86,65,28
13,67,34
43,78,41
9,88,40
75,84,36
81,66,35
78,65,39
10,86,42
84,58,24
89,78,32
64,75,44
36,67,33
95,65,32
12,82,38
71,86,23
37,80,33
51,87,20
80,83,42
87,59,34
49,89,30
69,82,27
42,61,31
52,78,39
78,69,29
95,85,23
89,65,27
20,76,41
70,76,28
57,80,22
74,59,44
71,60,22
94,60,27
33,75,41
24,79,39
22,69,34
10,87,33
84,79,21
15,85,38
34,76,42
22,69,37
86,69,31
83,75,44
66,66,23
21,78,40
78,76,31
13,63,21
67,62,25
32,76,39
35,84,20
85,88,38
12,58,37
81,80,28
20,63,23
58,69,33
85,82,39
32,84,24
49,62,23
82,73,20
80,85,36
70,80,41
52,83,41
35,63,36
89,61,37
91,66,32
23,58,20
14,72,38
46,86,23
67,81,35
6,77,23
87,89,43
21,88,25
83,70,37
10,68,28
63,73,31
5,65,30
85,71,23
9,80,43
41,85,40
56,88,32
32,82,32
36,72,34
7,71,34
73,59,36
43,85,21
88,68,32
24,64,26
23,69,43
12,88,30
35,83,29
67,60,37
16,64,33
72,62,27
70,83,40
60,72,31
8,82,43
96,75,24
83,86,30
32,89,42
34,59,42
38,59,33
94,78,42
90,70,25
12,65,37
21,73,38
99,64,44
19,86,33
95,83,22
36,81,25
14,68,28
43,76,30
52,61,32
21,71,24
10,78,30
39,88,33
50,66,44
64,75,44
29,70,27
18,59,28
36,86,42
37,58,42
81,72,27
49,69,34
10,86,34
19,82,26
52,77,30
99,82,42
87,67,32
5,75,40
12,63,22
91,78,22
21,80,44
69,75,35
13,62,40
95,75,34
49,84,32
42,64,25
99,59,31
80,87,41
10,71,42
27,73,24
57,59,38
74,75,30
87,59,35
65,86,39
96,82,42
34,76,23
93,75,44
97,64,24
84,58,34
75,85,29
40,74,30
25,74,23
54,83,28
77,68,23
37,62,37
87,83,24
18,73,21
97,66,34
23,84,41
57,59,33
86,68,21
27,58,43
63,70,26
88,58,43
97,59,35
88,85,34
54,89,20
9,59,29
87,60,34
41,89,20
46,67,22
25,59,27
37,79,42
15,77,20
36,84,25
20,58,36
27,89,22
75,82,38
14,89,44
68,89,33
99,59,20
19,76,36
71,72,35
62,62,30
24,61,21
69,65,38
13,74,36
13,80,37
76,89,34
17,75,37
25,74,28
64,68,31
77,61,33
79,59,44
91,58,26
77,72,28
37,74,38
20,61,23
74,59,39
40,81,23
67,67,44
48,78,40
5,60,21
7,68,43
7,65,22
96,74,30
70,75,25
50,71,27
92,65,24
6,82,41
28,65,28
55,88,25
91,60,34
24,83,24
59,59,25
29,63,29
69,87,31
82,89,38
78,88,25
6,60,29
14,75,27
69,73,38
28,89,40
44,62,34
73,82,41
86,78,22
96,71,33
41,76,42
92,67,29
74,76,30
41,82,31
23,85,35
39,86,37
35,82,37
82,80,20
40,80,31
34,73,44
6,61,27
87,68,23
25,84,20
5,59,25
39,79,32
83,79,41
56,87,30
35,66,28
45,67,28
79,72,43
74,63,32
84,63,26
58,87,40
24,66,20
51,63,23
31,66,28
90,61,30
94,58,40
62,71,29
22,79,32
99,87,30
69,64,44
33,72,22
13,81,41
19,65,27
69,83,44
36,80,26
50,77,23
10,72,32
31,81,41
46,69,32
88,65,24
33,83,23
80,75,38
40,75,35
88,77,26
60,83,35
8,83,23
28,68,41
8,62,34
7,85,36
59,62,35
98,84,35
43,63,23
23,60,29
76,70,37
69,82,24
40,79,44
42,81,22
6,85,26
35,75,20
96,64,31
36,58,34
98,81,28
11,68,30
12,79,35
40,75,41
83,86,40
14,76,29
12,76,35
94,79,23
95,84,28
59,74,20
36,83,22
19,76,30
9,83,37
90,75,26
79,65,43
73,85,27
86,68,33
72,59,40
84,73,44
22,82,38
92,83,23
16,64,39
35,79,41
31,65,20
13,59,38
56,63,23
66,81,30
89,59,25
57,64,29
79,85,36
30,73,20
14,66,40
36,77,31
44,63,28
64,77,27
27,61,35
85,80,39
63,59,27
49,75,27
20,75,44
20,85,26
82,74,40
86,68,38
62,58,39
51,58,24
24,58,28
50,87,31
97,59,32
88,59,21
56,62,32
90,68,23
21,79,40
31,62,41
99,63,22
35,84,20
98,61,44
83,59,36
19,62,44
13,86,38
62,76,36
86,74,22
45,79,36
64,59,21
63,61,36
15,77,36
11,65,21
63,86,39
78,74,35
59,66,42
98,64,32
38,64,35
29,87,22
23,65,42
25,75,35
51,71,22
94,74,39
10,61,32
81,74,20
50,78,40
84,79,40
29,87,41
43,75,31
17,75,39
6,64,20
10,77,37
22,59,24
16,85,41
93,65,41
61,74,31
88,60,23
31,72,34
47,63,31
62,58,27
92,87,40
53,88,36
13,62,32
15,65,31
44,76,21
8,63,36
49,73,38
73,72,41
99,78,21
60,72,37
99,64,29
36,83,27
31,68,30
18,63,20
81,89,42
59,82,35
88,88,38
15,81,31
38,63,26
69,61,20
41,84,36
65,80,41
5,84,26
77,81,38
29,85,22
31,77,35
10,78,21
34,66,38
68,64,41
23,64,21
60,69,41
81,78,25
11,69,36
50,84,41
90,68,37
51,74,41
63,74,29
67,63,28
7,79,26
27,73,22
81,70,24
60,83,30
43,74,34
10,72,34
54,70,20
63,68,32
20,62,26
91,66,26
53,76,23
23,75,29
64,60,21
58,86,39
23,64,33
41,82,31
41,61,40
72,61,33
14,89,24
52,68,27
5,89,29
77,77,23
86,74,35
69,86,41
30,72,27
65,59,31
41,67,40
83,78,25
10,83,26
18,72,24
78,78,32
74,61,38
82,72,22
38,84,29
69,66,31
8,77,39
99,59,37
50,88,24
75,61,20
63,78,23
57,83,34
72,61,40
16,68,23
70,80,37
26,64,43
13,75,23
36,59,40
52,89,30
82,84,25
83,86,29
87,63,20
71,78,28
89,67,24
25,69,21
64,61,32
62,59,41
38,63,38
58,69,20
6,85,20
75,88,44
95,69,21
83,83,44
22,87,42
31,75,27
37,58,22
36,70,31
94,79,31
54,72,31
74,87,22
46,83,40
81,75,32
84,65,35
43,81,33
84,75,35
86,76,33
43,83,43
48,64,36
33,66,25
22,89,37
21,72,41
78,74,33
59,59,41
50,83,43
39,74,40
95,81,22
72,80,22
74,65,38
75,89,31
95,78,28
23,63,31
80,58,23
99,88,21
34,60,32
38,71,32
99,61,20
98,73,35
34,73,31
52,85,33
60,70,25
26,88,30
75,71,42
21,72,26
20,67,39
88,59,32
96,70,40
75,66,37
76,66,30
46,62,40
18,80,23
66,66,38
5,60,23
51,63,29
70,61,38
91,64,42
85,72,35
53,63,44
8,73,33
82,78,35
65,72,26
21,61,20
16,59,43
6,73,25
62,64,21
14,60,44
55,78,42
21,66,32
66,72,38
70,67,38
35,86,40
74,63,31
59,86,27
51,71,44
90,76,44
15,72,37
63,76,25
87,84,44
47,89,34
43,78,32
39,89,25
23,64,22
48,64,43
61,61,31
81,86,27
12,80,38
52,76,32
67,65,36
98,81,26
56,85,44
29,77,23
41,81,44
20,73,37
69,75,37
54,79,23
5,72,40
11,67,27
31,75,42
9,64,28
86,78,36
17,88,30
68,78,26
66,77,40
99,77,44
96,67,32
80,86,26
67,66,28
56,58,40
7,78,21
24,87,23
12,68,35
81,71,21
71,62,24
61,63,31
5,58,21
62,86,41
36,70,34
91,65,30
79,69,22
42,68,25
69,68,36
56,82,37
17,70,25
64,79,31
30,87,39
44,88,44
38,81,41
29,69,30
12,73,27
73,79,43
86,65,42
74,67,25
74,61,35
86,89,41
25,87,28
91,66,24
6,80,29
79,61,32
75,87,21
53,81,40
60,69,33
56,79,40
44,85,43
5,65,23
35,75,27
47,73,23
92,76,29
76,69,24
9,75,38
67,74,41
30,88,41
22,88,42
55,78,42
68,86,26
22,63,44
78,88,20
6,83,38
27,65,44
38,71,26
32,64,37
87,69,27
34,63,22
7,73,30
67,71,43
60,59,22
15,65,26
95,89,33
58,63,32
93,83,39
59,85,40
14,70,41
80,89,28
54,58,40
21,62,21
71,82,29
78,85,41
34,88,44
65,71,29
6,69,39
82,86,40
26,68,24
30,59,20
65,81,31
31,69,31
19,78,42
73,61,25
36,88,29
21,59,23
55,84,36
75,64,31
97,68,34
21,80,32
72,65,30
55,65,25
81,62,26
58,81,31
66,72,37
75,68,21
54,67,28
74,79,23
25,86,39
11,71,20
26,80,32
43,86,30
99,61,44
18,85,28
97,75,37
20,64,38
68,80,41
51,82,40
24,82,22
23,76,26
66,78,31
27,83,23
51,81,28
65,81,23
91,63,38
20,80,42
38,59,42
98,60,31
83,82,38
87,76,34
23,77,43
17,88,35
45,67,31
67,73,21
41,73,44
12,81,29
93,77,37
63,74,40
83,69,32
63,66,37
40,79,27
15,67,25
65,62,44
35,58,35
93,69,36
33,64,20
81,84,44
98,64,41
94,79,44
47,75,30
47,66,25
96,86,33
50,68,23
53,85,37
40,87,41
30,83,31
25,59,37
99,67,34
43,85,22
78,81,29
61,69,43
81,71,38
10,72,41
69,61,28
14,61,33
57,78,28
51,86,36
20,61,29
87,61,25
21,67,29
8,63,38
26,81,26
72,58,29
71,69,28
97,65,33
88,89,33
41,89,44
9,77,35
38,60,29
59,66,21
32,60,31
52,72,38
13,83,44
31,60,24
94,78,24
79,89,33
21,68,39
27,72,28
73,60,41
72,60,23
41,60,35
90,60,35
21,82,35
6,72,44
96,62,32
46,81,28
77,75,29
78,81,31
36,72,41
91,59,33
8,58,29
57,66,38
11,82,37
67,81,27
34,79,36
35,71,28
95,85,28
34,76,32
47,87,34
56,59,30
85,63,27
59,69,35
12,85,32
81,81,43
51,62,22
11,67,44
78,66,40
77,77,20
45,66,29
91,80,41
12,76,36
30,88,43
41,71,23
37,72,25
49,78,28
41,65,40
50,68,38
91,60,25
13,74,43
21,69,23
16,64,28
92,77,42
59,60,27
74,63,44
69,72,44
67,86,30
24,60,39
49,74,41
23,60,38
55,61,42
63,82,34
40,64,22
19,89,41
23,59,20
20,60,38
34,76,28
68,73,25
99,62,40
19,73,36
68,72,35
32,80,40
18,73,34
32,78,26
41,63,27
11,63,37
5,71,44
32,69,34
93,75,43
89,72,44
72,64,43
28,88,40
90,70,21
22,82,41
42,68,33
83,72,37
58,60,30
5,84,26
48,89,31
61,82,32
32,72,36
30,69,39
39,59,27
76,70,24
77,86,35
73,85,29
76,85,40
47,68,25
12,86,24
68,63,33
9,79,33
63,89,30
68,65,34
45,60,44
42,62,20
24,71,34
46,78,24
30,73,20
23,68,23
98,74,32
24,59,26
47,69,32
34,89,26
23,78,42
5,75,44
45,88,38
81,66,23
30,80,26
22,84,34
36,67,43
58,73,41
40,61,43
76,69,33
15,82,22
12,62,27
85,85,43
48,66,24
6,66,25
89,68,20
11,77,44
21,73,32
49,73,23
44,86,39
72,84,31
46,72,20
52,86,32
62,70,40
41,77,38
35,68,31
98,60,42
63,58,39
83,71,22
42,88,28
71,87,23
72,87,25
97,68,37
53,83,28
72,66,32
53,64,41
67,76,22
74,85,22
10,66,32
28,73,38
53,61,27
51,85,25
56,72,27
96,69,38
59,59,25
29,84,43
57,69,23
96,72,43
35,69,20
55,83,28
42,71,21
46,58,34
58,63,39
37,88,33
47,77,39
21,63,27
58,77,37
11,88,21
95,63,26
82,85,38
31,85,40
12,67,25
63,67,35
23,77,32
64,58,37
99,78,22
9,80,28
81,73,37
29,59,29
29,86,36
89,68,20
41,73,44
89,78,41
60,70,21
53,84,37
40,81,32
72,60,22
66,85,34
80,70,24
70,70,42
81,72,26
55,81,20
10,59,42
23,66,21
36,89,36
50,78,34
86,86,39
99,79,21
30,75,39
36,68,35
34,84,22
46,63,38
51,75,37
37,60,32
70,84,33
11,89,25
74,60,44
12,65,22
36,63,27
78,70,20
75,66,36
22,60,29
17,74,31
80,78,20
67,74,35
19,58,36
36,78,36
90,77,23
13,67,41
13,67,31
44,79,34
51,60,29
15,61,29
12,80,24
99,78,26
33,58,41
80,74,40
15,81,40
89,80,32
58,77,24
11,84,32
63,75,24
69,73,36
68,78,44
36,81,20
12,60,23
53,83,34
50,72,44
81,76,24
77,78,43
92,88,31
55,74,21
5,64,43
87,74,37
45,75,41
84,66,43
21,59,33
17,76,43
66,86,41
50,61,41
95,73,39
28,72,34
56,86,43
25,60,39
71,86,44
13,84,35
90,62,40
75,61,29
29,59,25
13,77,32
18,83,36
70,58,42
21,79,26
89,59,24
15,67,28
98,61,31
79,72,38
34,74,23
83,59,27
18,75,22
35,88,28
57,64,34
95,78,37
68,76,36
20,71,22
72,80,20
27,74,25
94,65,26
47,65,36
14,67,24
63,63,27
29,78,42
95,63,37
22,77,25
46,79,37
81,65,24
13,78,31
25,82,33
52,62,42
73,76,32
30,59,36
72,61,42
88,89,36
28,72,42
97,61,41
62,75,42
19,64,30
28,80,30
77,87,23
94,81,37
47,80,24
95,65,41
13,59,40
44,71,38
73,79,28
53,77,33
12,64,29
49,62,36
5,83,35
80,74,29
60,62,39
11,69,33
24,77,21
65,66,37
49,89,30
68,60,41
74,86,37
61,73,20
29,86,28
60,66,23
58,84,21
66,61,42
69,87,22
39,83,29
61,86,28
78,60,25
83,59,38
43,67,38
9,69,39
14,88,31
92,89,24
72,80,44
77,83,43
88,78,20
53,67,25
6,80,35
69,69,26
21,65,22
36,82,25
98,89,28
49,87,28
97,68,33
76,73,30
28,84,24
15,73,33
40,89,30
69,88,23
66,83,33
12,80,39
28,62,33
97,80,25
26,89,37
40,88,37
72,62,31
96,63,24
24,81,20
32,86,42
9,62,34
24,73,26
38,74,37
35,71,22
62,79,21
78,60,28
98,79,21
86,87,39
36,62,25
7,72,24
88,79,23
55,86,23
23,71,40
26,75,44
72,65,21
80,78,31
63,78,38
52,78,31
21,72,27
17,72,26
98,60,34
14,73,29
81,66,38
72,65,24
19,80,20
25,64,38
58,71,38
20,71,20
64,82,31
40,72,40
53,74,40
9,64,27
48,86,35
77,76,21
95,64,22
59,88,23
48,82,24
92,62,28
82,73,39
55,72,21
44,65,39
8,82,24
34,68,26
17,61,27
81,77,31
84,69,29
34,88,37
13,62,28
59,89,30
43,74,26
75,87,28
26,60,24
49,68,30
96,66,39
12,71,41
86,66,25
74,60,33
57,69,31
46,89,42
34,63,39
31,64,44
69,66,22
67,58,43
91,65,43
17,88,43
11,77,29
39,65,22
64,82,38
98,69,33
22,63,26
10,86,28
84,79,36
54,74,26
59,80,44
81,78,25
97,85,32
59,59,35
52,87,21
42,68,28
78,88,28
92,84,26
26,82,29
9,77,25
96,83,33
81,79,20
80,85,44
11,78,41
90,72,30
90,81,20
35,61,33
97,84,38
61,67,26
56,80,30
60,64,39
17,87,43
81,84,26
41,88,36
76,79,43
90,67,28
63,85,33
46,60,40
20,65,27
48,81,38
64,88,28
87,80,37
68,69,22
33,61,20
21,72,25
10,76,29
40,89,24
82,58,39
37,73,35
92,86,21
38,70,33
50,68,40
45,62,34
96,88,36
19,73,39
50,73,44
47,69,32
39,67,32
60,61,35
23,74,37
14,75,38
78,58,20
18,70,41
90,72,27
48,69,41
6,89,35
36,87,22
19,61,29
85,76,21
53,74,43
30,71,42
38,79,40
90,82,34
88,77,26
87,83,33
69,60,31
82,78,33
63,68,23
15,85,27
57,83,33
32,79,38
33,75,42
13,65,22
94,80,26
49,64,25
56,73,38
59,86,40
47,85,27
97,61,23
12,71,33
20,67,34
5,83,39
87,72,27
53,71,31
69,67,33
49,66,26
14,66,36
51,64,36
61,78,27
53,88,35
48,65,22
10,78,42
26,66,35
21,74,20
16,58,36
37,83,35
45,61,29
41,79,40
74,63,31
33,81,27
98,59,44
54,66,20
66,87,22
57,71,37
12,73,24
97,82,41
63,72,29
55,74,34
53,65,29
83,69,37
52,74,34
67,64,32
82,87,20
88,59,41
82,70,20
29,83,26
72,66,30
12,82,26
54,69,25
37,59,42
38,79,30
80,85,21
96,67,33
73,86,28
66,59,29
99,59,25
83,70,43
48,83,39
81,64,41
21,73,44
31,61,31
13,85,43
57,68,36
99,80,25
84,71,34
27,83,35
61,87,20
58,77,32
39,80,29
17,75,29
9,74,40
49,64,26
60,80,35
25,87,44
48,85,21
54,58,31
23,86,30
61,64,33
26,83,44
55,86,41
27,74,44
23,82,21
74,71,32
10,72,30
10,59,30
75,88,38
34,75,37
21,60,39
47,59,30
51,85,32
73,77,27
82,58,29
71,77,29
17,68,23
59,86,31
93,63,29
96,78,40
60,77,44
21,66,44
10,59,25
98,84,34
78,71,22
49,73,39
60,73,30
44,79,22
83,75,34
75,67,36
67,83,27
7,59,23
42,60,40
91,83,23
51,64,42
14,58,43
40,86,20
20,58,36
25,66,42
37,87,35
26,64,38
75,86,38
89,74,37
5,86,35
89,58,23
38,75,39
26,79,37
71,59,37
16,65,29
52,62,22
16,63,29
41,86,22
77,73,37
48,63,26
76,88,38
58,88,41
12,75,28
26,87,22
24,78,21
91,89,36
50,59,32
55,88,44
86,63,21
38,82,31
13,87,42
84,58,35
79,65,21
23,74,30
96,74,36
64,82,41
86,70,26
95,80,22
5,61,22
77,78,26
18,62,43
29,64,35
17,63,33
54,72,43
72,78,25
95,64,27
86,65,22
80,64,28
6,73,28
42,63,38
42,78,23
59,59,31
78,72,40
96,69,31
88,82,37
48,88,43
55,74,30
89,84,40
71,84,41
13,87,28
67,73,43
89,71,44
62,69,33
53,73,29
79,73,20
37,79,31
71,59,30
27,65,26
72,59,20
46,83,28
33,87,30
58,84,29
84,85,30
50,73,24
78,72,42
46,78,40
41,72,29
45,61,37
17,85,44
41,74,39
91,80,37
74,85,28
64,66,29
84,70,32
8,74,43
42,79,32
91,65,22
51,74,28
19,63,28
24,65,42
55,74,26
42,74,41
62,71,22
92,69,38
74,84,24
93,76,43
16,67,28
31,70,33
39,88,34
85,67,32
46,60,25
88,59,26
39,62,38
68,60,39
79,88,28
73,82,33
72,63,32
9,60,38
12,75,33
63,66,23
7,60,39
44,82,35
61,87,42
79,88,40
77,82,37
98,75,20
9,72,35
5,64,27
57,78,43
92,84,34
25,68,29
98,83,31
36,65,26
54,81,42
27,77,23
35,88,28
69,60,30
39,67,39
89,63,22
84,69,38
25,79,43
22,79,33
15,73,38
5,66,42
5,89,40
40,87,32
33,85,37
46,60,20
40,79,39
90,82,24
50,61,43
93,80,40
65,80,23
91,87,32
92,67,23
97,61,27
16,83,31
16,88,36
27,66,31
33,80,36
41,81,26
71,64,24
98,63,23
59,87,34
47,81,40
13,58,44
43,69,39
95,71,44
22,89,23
21,86,32
76,68,38
61,62,37
9,84,26
51,74,29
72,60,33
92,63,33
51,73,43
33,81,26
49,80,35
41,87,35
36,89,22
53,82,33
45,78,24
26,78,31
64,74,32
69,76,37
33,59,25
12,72,44
48,84,32
95,87,28
10,85,41
81,82,28
70,63,29
90,67,38
94,58,23
57,62,24
94,78,43
26,89,40
42,89,26
30,74,25
73,70,32
34,72,24
27,58,24
37,87,40
68,68,32
91,85,24
15,75,39
82,76,41
40,78,26
38,81,42
43,85,31
85,81,31
73,68,28
28,82,23
5,81,26
87,75,27
78,66,43
11,79,37
22,64,24
7,66,30
19,68,38
51,61,29
71,83,38
36,88,20
13,81,21
82,60,29
97,80,34
46,58,40
31,75,29
23,63,25
89,64,32
28,62,30
60,79,20
33,59,25
97,81,24
84,63,32
50,77,21
69,66,37
6,60,38
29,84,23
63,87,41
41,63,36
47,80,35
52,69,41
91,87,29
48,73,23
6,64,28
89,59,41
77,72,26
92,78,39
51,61,22
56,82,20
32,62,36
40,87,36
83,64,24
27,81,37
94,73,39
66,74,26
60,87,37
30,62,28
35,65,21
81,73,31
62,64,39
51,71,21
92,69,40
64,64,43
93,86,23
91,69,35
32,88,23
7,63,34
55,74,33
23,82,36
22,87,34
57,68,44
86,87,44
9,87,29
94,77,29
98,76,44
80,68,41
63,62,26
8,75,30
35,88,42
82,78,35
74,80,31
67,83,37
5,82,30
84,68,37
65,80,22
49,74,24
18,74,33
60,60,41
59,74,34
80,70,40
70,61,33
11,89,44
53,76,26
8,84,21
43,86,39
60,87,37
99,78,28
9,63,31
96,83,21
35,61,26
31,80,32
51,66,38
60,59,36
46,89,30
59,67,40
31,72,21
96,88,38
94,86,36
68,86,23
71,62,23
26,61,43
89,82,29
79,74,32
42,85,36
49,62,25
54,83,44
87,75,36
50,65,35
86,84,24
60,67,21
22,84,27
77,87,39
82,76,42
67,68,29
52,78,39
74,77,28
27,62,33
45,63,36
56,86,40
87,67,41
70,73,34
50,86,40
58,73,29
37,72,34
57,82,43
76,87,38
9,83,36
34,59,37
81,84,25
5,77,43
7,67,42
52,72,20
90,58,22
27,75,20
78,76,27
99,61,31
91,58,35
58,82,30
92,79,38
48,61,39
57,75,44
15,58,44
13,83,23
80,82,27
44,73,28
61,82,39
72,60,31
76,88,38
21,68,20
75,81,25
12,60,31
82,78,20
21,81,39
7,78,21
9,61,40
71,70,26
34,71,39
82,84,37
68,58,20
29,73,35
69,69,30
90,59,41
95,58,24
98,59,21
84,80,32
9,87,34
26,59,30
32,79,30
49,67,38
79,62,39
32,72,28
69,66,27
90,86,41
30,77,43
72,61,33
10,67,40
5,84,20
50,81,34
22,81,21
79,69,23
44,59,44
28,73,26
71,81,20
88,81,38
91,85,30
81,72,41
57,71,24
29,82,32
7,68,24
76,85,27
97,76,24
76,85,21
55,68,38
65,89,27
40,82,32
30,78,28
46,61,35
89,78,32
63,66,32
56,65,42
10,84,41
59,80,33
40,58,31
84,79,23
45,65,26
9,80,20
32,71,33
13,65,42
70,84,20
25,85,29
7,72,42
51,87,30
82,82,41
13,85,29
26,74,30
16,75,37
69,87,32
15,87,33
38,79,33
32,69,33
36,60,37
16,81,24
36,73,29
38,64,25
14,63,25
98,67,33
83,82,20
71,68,44
78,71,41
80,80,33
70,88,28
68,59,23
86,61,37
10,63,30
64,62,29
43,69,26
55,88,34
19,76,43
86,74,27
91,76,27
21,67,44
10,62,44
44,85,30
89,87,37
7,74,37
27,83,36
9,60,32
56,65,21
93,67,33
54,74,42
59,85,27
15,59,20
21,70,42
46,60,33
48,79,21
63,88,32
24,63,21
23,72,36
49,64,29
87,84,32
62,69,36
5,84,23
17,61,40
50,84,32
26,59,27
21,84,34
51,89,35
96,84,27
65,82,27
87,78,21
20,75,33
97,76,20
24,72,39
79,78,25
49,75,27
94,80,44
69,75,28
93,58,42
37,77,36
44,59,31
53,62,28
83,89,41
42,74,30
44,82,34
19,83,32
32,78,39
56,78,21
7,79,37
86,79,43
61,79,24
6,83,24
71,80,28
35,72,23
78,84,31
92,71,38
73,79,20
50,86,29
49,79,20
35,58,41
85,69,20
74,89,30
57,75,35
44,59,34
70,63,38
95,66,32
52,67,32
82,76,27
80,61,29
44,83,34
16,68,40
42,82,41
59,58,27
93,63,28
31,68,33
89,62,23
37,58,22
43,76,30
56,76,42
97,82,38
87,83,20
6,77,32
49,83,37
79,64,22
79,58,39
53,58,30
7,87,39
36,83,36
36,67,43
54,74,29
20,63,36
50,84,26
11,70,43
89,89,22
27,80,41
13,77,43
22,89,40
36,79,24
76,87,37
47,60,41
78,67,44
96,77,24
36,78,38
63,63,26
77,74,40
43,85,29
54,79,44
5,88,25
36,69,24
28,81,36
12,63,35
5,85,43
64,64,31
35,81,25
96,63,31
53,71,29
25,61,23
69,77,34
64,70,27
7,67,30
75,68,34
39,69,27
54,64,25
82,83,25
33,62,20
9,65,44
67,86,20
52,70,30
25,60,33
22,86,31
44,65,39
91,82,30
87,85,35
92,70,36
19,74,40
21,88,30
22,84,22
12,76,20
66,66,32
76,76,26
40,60,41
69,74,21
26,81,26
98,81,35
35,61,35
78,73,40
62,79,27
50,84,39
61,75,34
14,86,35
6,76,24
25,75,42
21,75,44
20,78,33
95,87,26
40,83,28
71,67,37
24,71,33
74,63,39
82,77,43
71,77,22
43,58,30
36,60,28
16,73,42
91,84,38
68,65,37
69,76,35
26,71,39
48,61,36
6,86,41
19,72,20
87,68,24
60,62,34
40,65,30
15,67,25
54,82,35
11,87,20
15,58,43
51,83,28
62,60,29
31,75,23
19,86,35
12,86,26
68,75,24
98,84,27
35,83,24
50,84,41
93,76,29
49,65,23
77,60,34
61,69,38
94,58,42
36,80,42
46,68,22
93,76,26
83,86,21
62,74,34
84,89,23
15,69,40
38,87,42
79,80,31
53,58,44
96,82,41
49,76,38
54,74,43
34,70,29
36,58,34
13,88,21
77,64,27
92,83,20
41,74,39
57,88,27
67,88,22
21,77,34
10,63,30
47,65,41
81,80,28
88,68,44
72,86,29
81,86,39
54,85,20
66,85,39
81,73,38
58,69,35
39,89,30
74,64,30
85,83,24
40,61,26
73,80,26
31,75,28
50,61,27
22,83,34
56,64,20
45,64,24
90,64,24
30,64,40
68,83,33
85,64,37
96,65,22
86,82,20
60,83,24
18,64,24
81,67,23
38,68,29
76,85,38
87,77,43
29,72,40
97,66,25
53,62,42
37,77,44
50,87,42
9,74,36
39,71,38
17,60,20
6,84,43
79,76,38
42,82,44
89,70,36
86,84,32
96,81,40
29,73,35
22,85,41
72,79,30
75,72,34
48,69,41
69,76,40
84,58,34
28,75,30
32,84,37
75,79,43
94,69,43
15,79,43
62,75,23
32,65,41
49,80,33
19,73,20
12,77,41
60,70,25
84,82,29
69,71,42
45,77,29
32,70,34
10,87,38
58,86,43
76,65,20
55,77,34
64,84,39
6,76,39
8,76,21
13,79,20
92,59,23
86,60,44
73,88,33
77,70,37
37,78,23
83,75,32
24,71,44
30,67,20
95,72,34
43,74,25
64,63,25
22,61,21
48,70,24
23,60,37
53,59,25
15,64,20
52,77,24
37,81,21
49,87,33
45,72,40
13,85,38
73,66,38
38,78,37
6,74,23
80,60,25
39,68,29
77,78,29
24,65,31
89,85,20
55,84,38
87,68,36
64,69,30
77,87,31
43,79,32
44,85,44
39,83,24
36,69,39
9,78,42
33,75,43
18,70,28
62,86,30
70,63,39
95,83,23
90,73,42
25,87,29
22,71,38
86,82,22
67,69,31
9,83,42
79,80,40
44,84,35
40,73,28
26,64,39
72,69,20
40,75,44
86,72,28
11,82,22
63,83,41
70,72,29
44,88,40
77,59,24
10,82,26
42,81,35
96,81,24
98,68,40
55,66,37
90,86,44
92,77,41
15,68,33
69,76,28
54,61,33
85,58,32
92,80,36
48,61,37
17,70,20
9,67,33
39,72,22
9,83,34
39,86,44
33,86,34
92,66,37
22,75,25
90,69,32
49,89,42
56,76,44
40,78,34
83,83,35
71,65,27
24,78,39
24,85,44
87,62,25
53,76,25
99,74,22
56,75,32
20,85,26
37,61,39
29,65,25
48,66,43
24,58,38
92,77,39
55,86,32
78,81,40
12,81,20
18,74,35
39,59,26
81,81,38
96,88,40
62,71,37
47,68,22
47,62,35
64,82,26
22,72,33
86,58,37
81,72,23
80,73,42
90,68,31
48,58,44
99,71,35
86,68,28
96,85,42
61,63,36
43,73,32
87,59,21
6,70,24
35,63,37
43,72,33
35,78,37
78,83,41
95,85,26
51,83,23
52,81,23
94,72,25
98,86,40
64,82,20
89,68,40
62,71,37
32,86,38
9,79,41
10,74,39
88,85,41
70,71,22
47,63,22
90,83,31
94,64,20
5,61,42
12,75,39
70,64,36
85,81,23
53,63,42
83,77,43
54,69,36
71,88,32
71,61,29
62,74,26
68,87,31
97,68,27
40,68,29
38,80,25
15,61,23
48,75,32
53,85,39
5,70,30
38,66,23
92,76,42
29,62,41
34,62,31
80,60,26
50,80,43
83,76,35
25,67,34
5,60,26
70,60,28
14,88,20
26,66,26
43,77,39
99,80,33
33,84,22
10,73,30
53,85,28
68,61,30
63,66,33
40,67,38
18,66,38
83,68,25
41,77,41
56,82,23
28,65,39
48,61,43
99,78,35
29,83,34
31,80,29
35,83,27
60,85,26
8,81,44
51,89,25
85,64,34
6,79,40
91,61,24
72,85,34
31,78,25
10,74,23
84,83,32
38,66,33
49,78,23
34,85,42
9,88,38
60,69,42
28,71,39
82,69,34
20,88,28
59,65,22
63,65,37
22,59,21
74,73,39
45,60,20
67,65,23
27,65,22
41,78,20
36,64,35
90,63,31
64,74,31
55,75,23
94,82,23
72,78,22
83,83,35
34,75,39
30,67,38
74,77,32
56,85,22
59,66,44
59,59,24
22,73,41
7,74,35
75,88,31
64,73,42
13,63,35
53,86,36
82,75,43
90,71,23
59,58,32
14,88,20
89,58,41
41,80,39
64,65,22
71,81,22
88,73,35
34,77,39
80,68,25
63,66,43
90,63,41
36,64,24
63,69,28
7,66,35
11,73,32
57,60,25
36,76,41
87,79,27
75,86,34
80,63,20
70,89,36
7,66,26
39,70,41
70,84,24
33,60,34
57,89,22
87,84,33
67,89,32
82,65,27
35,83,21
66,81,26
69,58,33
58,78,27
92,71,20
47,61,37
67,89,22
17,81,42
27,71,34
9,63,21
39,85,23
16,80,33
88,64,33
85,86,33
54,79,24
49,77,43
31,62,44
22,84,33
37,83,44
87,86,28
85,70,34
24,83,26
33,69,36
93,64,35
73,86,28
11,86,25
33,87,20
38,70,31
50,68,34
48,66,35
87,68,21
21,86,38
90,76,24
46,61,35
73,71,34
42,89,23
60,59,23
43,86,41
59,63,23
63,66,44
66,59,22
93,65,36
90,79,42
86,86,33
88,61,22
22,70,26
33,60,29
17,62,28
76,68,44
13,67,43
64,80,32
10,67,44
10,64,23
57,88,43
10,74,37
16,79,36
27,59,37
30,61,39
42,63,27
5,87,33
52,82,23
86,89,41
36,82,32
79,85,38
82,87,33
36,79,40
99,72,33
63,62,32
97,72,30
77,78,27
18,87,31
61,83,37
68,81,44
19,81,43
26,61,39
13,78,38
39,86,29
36,60,44
10,60,39
12,71,37
53,78,27
39,61,26
10,75,20
91,77,26
59,70,41
18,71,43
42,61,27
77,75,27
79,76,25
99,77,44
63,77,25
59,70,28
52,63,39
38,70,39
66,77,34
35,67,33
83,63,31
87,82,34
15,70,38
25,62,24
49,72,23
18,58,24
17,76,36
8,80,43
15,70,34
83,73,21
31,72,38
76,87,34
96,65,41
95,89,23
54,60,33
24,59,38
9,71,42
53,58,28
71,85,27
33,66,44
73,81,25
11,68,36
81,72,28
94,78,26
72,70,26
43,78,33
67,71,40
50,87,23
72,89,26
12,61,42
21,84,36
69,84,25
37,71,43
13,69,30
79,77,28
7,58,27
38,65,40
43,87,30
76,79,24
33,61,25
64,83,31
19,73,33
53,85,36
90,72,29
92,83,35
40,72,32
18,85,34
67,85,21
88,72,35
92,66,33
65,78,22
34,82,35
34,80,34
40,81,25
9,89,33
19,68,38
11,85,26
9,81,25
14,75,20
80,67,38
80,80,27
87,78,25
99,84,34
29,66,37
64,60,23
96,69,26
5,65,26
90,82,39
71,84,25
89,60,42
95,65,40
39,61,28
16,70,29
28,66,35
20,84,25
50,61,34
51,58,34
49,85,26
29,60,41
52,89,24
45,73,37
96,84,23
91,63,37
57,77,30
65,84,25
44,84,25
53,84,43
23,59,33
81,73,25
32,75,24
13,67,34
13,89,36
58,77,26
62,61,40
28,76,25
24,75,27
18,60,36
58,73,37
83,81,28
78,60,37
71,66,39
52,74,28
63,74,36
18,86,29
75,87,41
13,86,40
61,66,38
24,66,21
59,66,27
76,86,23
59,62,36
15,80,24
7,86,23
88,60,43
95,78,44
62,73,39
37,82,35
47,67,31
75,89,21
41,89,42
96,84,21
70,65,36
59,84,31
47,74,42
16,86,35
48,81,26
57,67,33
42,62,34
15,80,35
34,83,39
99,61,33
39,71,20
60,73,20
61,82,23
82,58,33
76,89,34
16,77,20
36,88,44
36,75,37
96,68,28
88,69,34
88,61,34
73,68,38
58,74,43
86,79,34
34,86,29
66,84,28
68,72,22
19,75,34
84,77,20
42,74,38
81,84,41
57,79,39
8,59,40
85,84,33
82,69,43
80,73,25
73,84,31
37,67,43
81,69,29
14,65,43
45,77,24
94,75,30
80,69,36
16,82,42
16,85,31
9,80,29
49,71,35
26,74,28
97,69,44
15,60,34
95,61,26
25,87,38
8,74,26
77,69,32
63,74,40
14,89,43
44,62,21
54,59,30
67,58,20
84,61,35
35,66,21
69,73,23
32,70,40
34,68,33
86,69,41
51,65,38
39,72,38
17,82,38
46,67,33
51,62,42
86,88,42
55,84,28
95,79,26
61,69,31
66,72,25
26,88,35
38,76,40
13,84,43
6,75,31
15,82,29
38,61,32
51,66,26
34,88,32
69,84,32
90,74,38
34,66,39
17,80,42
40,61,43
57,63,23
55,62,38
21,68,39
27,74,28
83,58,40
74,75,38
15,76,26
82,76,33
63,73,29
33,72,37
15,79,38
55,87,31
79,84,20
13,79,21
98,81,35
62,60,29
12,58,28
85,79,20
59,65,32
19,84,25
54,74,30
90,81,25
86,85,22
84,74,42
93,71,30
43,69,28
75,85,23
83,88,21
70,74,37
44,64,35
76,65,34
30,82,33
46,77,29
87,78,29
18,81,27
17,72,33
98,77,25
80,87,25
38,84,29
48,72,27
27,66,40
99,68,40
28,59,44
99,89,20
5,71,23
40,73,28
86,75,26
92,80,39
48,89,35
7,84,34
67,60,27
74,85,27
83,74,33
91,69,24
14,88,28
33,58,40
15,83,32
37,58,26
35,73,22
63,68,39
5,75,44
57,81,43
35,83,38
31,75,34
11,76,41
44,63,41
69,81,20
45,66,42
82,62,31
36,65,39
27,70,30
70,81,23
35,64,31
42,59,44
26,62,44
40,89,27
38,72,44
14,58,34
13,89,36
33,75,38
20,66,28
50,64,28
16,81,21
76,77,44
66,67,27
46,76,22
59,77,33
48,78,27
83,70,40
46,70,39
90,68,43
24,65,27
26,81,23
69,84,25
81,61,22
33,89,30
83,67,26
33,61,30
94,88,26
19,65,23
12,62,41
17,87,41
80,76,23
28,79,39
84,77,24
14,60,44
15,87,34
13,59,31
70,71,26
71,84,42
37,86,23
59,61,24
83,84,44
8,79,32
57,62,33
44,68,23
17,86,29
65,67,36
40,71,28
19,87,24
35,60,23
18,60,39
46,68,25
64,66,21
35,88,38
45,58,39
61,60,42
5,80,29
50,80,22
54,81,30
68,88,41
23,65,40
44,85,28
79,78,31
57,87,41
29,66,40
45,73,22
89,87,21
34,73,22
32,65,24
26,77,44
16,84,35
68,76,28
13,85,36
7,89,22
14,66,32
79,78,44
83,83,36
34,69,43
63,58,39
94,68,33
42,78,36
44,88,28
27,79,28
92,58,31
79,61,32
16,70,37
17,71,26
26,62,24
81,78,34
48,68,30
78,66,41
82,63,41
39,71,24
28,74,38
32,65,43
67,83,37
64,58,39
85,74,25
88,70,44
68,80,27
96,60,21
42,71,35
31,69,44
53,81,24
11,59,38
93,72,28
39,62,37
54,60,40
8,66,39
87,89,33
38,75,37
13,67,30
90,87,26
26,74,29
60,69,30
53,71,36
13,85,27
25,67,28
20,85,41
60,86,25
98,65,34
14,85,37
45,81,42
11,80,42
94,75,21
62,85,40
75,62,36
52,65,43
79,67,37
42,88,26
50,73,33
10,77,25
6,77,35
61,70,29
88,79,40
21,66,43
57,77,44
64,79,27
76,88,38
40,80,33
34,81,26
50,80,36
72,80,30
96,64,41
34,72,24
6,68,38
52,68,32
44,74,20
9,65,33
50,72,21
80,64,41
26,67,39
62,76,26
56,89,21
74,66,24
29,84,22
26,89,27
96,80,43
31,81,32
50,75,41
80,67,41
67,67,22
9,86,21
94,66,21
83,70,38
35,79,39
81,68,20
44,80,29
13,77,27
90,73,38
38,78,24
68,78,39
53,69,32
48,86,23
90,61,30
99,85,41
86,86,33
5,79,35
12,75,44
56,78,26
8,85,32
90,72,41
95,69,22
31,64,33
89,89,21
12,68,43
29,89,33
36,80,20
63,59,22
13,70,21
12,81,32
5,76,23
86,63,44
93,62,23
38,62,39
44,86,27
10,62,29
46,82,42
51,68,44
73,75,23
10,62,42
11,73,29
13,78,29
63,72,27
42,69,41
54,67,28
96,68,42
52,59,33
85,71,41
75,83,24
57,71,42
36,80,25
84,70,36
64,82,43
15,88,27
60,62,29
55,68,35
57,60,21
42,61,36
92,66,39
86,81,39
95,64,29
84,74,20
25,60,20
50,89,21
36,66,43
77,61,43
52,65,29
23,63,35
21,84,28
28,89,25
39,78,28
36,72,42
7,78,20
76,75,27
61,80,33
61,74,41
86,86,38
12,82,30
55,59,40
8,78,20
57,61,26
40,84,29
38,64,39
77,74,22
18,61,26
60,85,29
80,86,30
85,82,25
51,66,38
6,82,27
67,71,33
18,89,21
20,74,22
53,66,24
7,64,44
84,81,39
61,62,36
64,80,29
31,63,20
39,87,27
8,78,24
16,78,33
83,61,20
45,72,34
23,66,26
38,62,32
19,84,22
61,76,41
74,75,21
70,61,26
91,88,31
55,76,42
39,72,29
9,63,28
88,68,21
53,81,25
71,64,44
77,70,31
47,84,30
17,87,35
26,59,26
95,82,21
87,59,24
10,80,36
59,83,25
70,86,33
86,58,37
40,83,33
45,74,25
61,83,21
47,72,22
24,84,33
16,72,44
50,59,20
99,75,37
42,85,32
88,80,24
40,69,28
59,65,40
19,85,44
87,77,38
53,78,36
79,72,21
21,70,21
30,83,21
63,64,35
31,73,42
71,77,35
51,62,29
59,89,25
82,59,41
79,68,36
78,81,24
80,63,36
57,76,33
7,69,39
37,79,38
24,66,29
26,73,35
24,86,31
16,71,24
91,83,29
80,79,21
6,82,37
23,84,24
29,67,25
33,61,33
16,79,37
45,68,23
81,82,42
63,69,29
27,75,40
39,84,29
57,72,29
10,58,24
56,68,26
93,59,38
90,71,36
54,69,39
29,68,22
50,78,36
76,75,28
12,59,24
11,72,25
84,82,22
91,81,43
43,60,28
88,67,21
15,69,34
29,60,38
27,80,25
66,65,40
67,75,27
41,68,24
99,84,31
24,78,29
10,61,37
5,84,35
90,64,40
52,67,34
94,81,44
50,77,22
46,76,34
7,79,42
86,72,33
33,78,33
64,63,38
77,68,37
42,80,33
18,66,33
52,85,41
10,76,42
64,61,41
30,83,37
70,70,38
21,60,37
31,76,27
76,67,38
64,87,41
31,64,22
58,64,43
41,85,25
27,76,39
72,67,36
62,70,29
55,59,24
40,59,38
25,87,43
53,62,39
41,79,27
65,89,23
67,75,24
9,79,34
96,74,33
11,73,44
66,68,20
88,66,40
48,71,20
8,81,39
30,76,24
21,66,22
41,89,30
34,72,43
30,70,31
14,82,26
55,81,39
71,89,35
87,89,25
78,87,31
33,75,38
44,69,40
29,83,31
68,68,43
79,64,20
33,66,31
60,67,28
61,72,26
96,71,24
52,58,37
81,86,33
53,81,44
72,74,23
9,79,33
92,77,41
93,84,27
82,89,36
50,63,22
59,79,33
32,87,36
36,61,21
6,89,41
53,62,29
85,86,41
19,80,28
94,75,39
50,74,32
99,88,44
54,62,24
67,69,22
55,64,42
13,72,40
26,89,41
7,63,24
6,66,32
67,70,27
63,84,25
42,66,38
11,74,44
50,73,28
51,61,26
74,71,40
49,80,25
43,82,23
59,80,34
86,68,44
88,89,24
64,89,32
77,84,40
23,79,22
31,62,43
24,83,39
81,70,28
53,70,30
22,81,22
65,60,24
48,85,43
77,65,36
67,80,28
21,85,26
74,87,24
33,68,33
45,67,43
52,78,23
33,68,20
20,76,36
37,87,30
18,58,21
43,88,25
86,79,36
15,68,24
94,68,27
20,80,32
83,70,34
98,67,35
96,67,41
25,77,24
50,63,40
86,85,31
44,87,32
52,82,23
52,82,21
80,64,20
61,82,38
36,76,32
78,81,27
61,89,23
81,65,24
45,84,22
22,62,25
11,66,34
47,85,30
93,78,41
27,81,28
27,77,22
64,82,30
43,70,24
98,87,41
93,58,36
69,60,25
71,77,25
19,79,24
29,87,21
44,68,36
58,85,33
33,78,26
89,79,41
90,73,34
52,85,24
52,70,34
70,80,37
38,87,20
55,59,33
78,84,31
65,79,34
91,72,40
90,82,37
41,75,42
75,60,30
15,73,33
9,77,37
52,89,38
45,71,28
69,78,29
52,66,22
34,78,22
92,61,33
5,83,22
50,58,42
20,64,29
97,83,30
15,80,36
22,68,41
7,70,25
82,88,28
41,85,33
22,62,33
91,84,35
49,62,27
83,68,28
6,59,28
10,82,20
19,74,43
23,61,36
47,88,23
31,86,43
68,84,27
31,86,27
30,83,25
60,63,42
67,83,41
79,83,31
6,64,44
69,85,40
36,87,37
71,88,28
43,73,42
62,76,41
89,72,40
48,87,44
37,70,40
75,74,20
41,69,35
57,59,38
49,59,37
43,68,22
28,65,22
43,77,43
37,76,36
46,70,35
75,82,20
19,59,22
25,88,32
44,78,39
61,64,34
41,88,44
33,58,21
27,77,30
28,65,34
75,67,37
15,79,30
6,62,34
64,83,39
41,58,22
94,70,25
50,69,44
89,81,36
30,60,28
58,65,36
90,63,25
73,89,23
85,78,43
76,73,28
88,70,40
95,71,20
67,60,26
93,62,21
96,89,26
60,83,24
5,61,20
8,79,35
99,65,21
35,58,39
48,71,24
57,84,39
14,59,20
8,63,43
39,83,26
53,77,41
61,64,24
58,73,25
40,75,31
65,85,34
62,63,27
51,81,22
25,87,25
91,73,22
84,82,33
73,84,30
82,84,30
40,72,28
28,80,38
48,86,23
59,62,24
55,66,25
92,83,25
97,58,25
27,74,20
98,65,22
52,62,34
87,64,21
47,89,20
70,82,38
20,74,29
24,80,28
41,59,32
46,89,37
15,70,20
16,81,34
46,61,38
51,80,42
51,75,28
19,84,41
15,81,36
28,71,35
78,68,25
61,69,39
52,64,35
14,64,20
79,74,36
94,84,29
43,73,44
93,85,40
48,67,26
18,87,30
88,73,26
80,68,36
41,69,44
30,62,32
27,73,35
62,63,29
31,68,34
67,68,43
30,70,39
88,68,36
8,74,36
61,73,24
79,80,37
22,73,24
58,72,21
46,64,28
50,71,44
11,82,38
97,86,44
37,74,36
52,65,32
60,77,37
42,85,21
57,86,28
22,62,38
98,72,28
29,63,27
39,88,23
59,82,23
20,82,40
71,84,36
52,67,34
18,88,27
66,69,32
46,88,21
93,76,25
16,80,22
6,70,38
18,89,32
91,60,42
50,59,39
84,61,20
59,88,32
15,60,30
77,88,42
78,82,42
59,65,30
57,72,27
23,60,39
77,70,43
19,84,42
17,78,24
71,89,26
68,85,33
56,67,39
56,60,27
49,86,38
83,59,37
95,82,43
57,61,23
23,81,41
74,67,27
93,63,35
35,75,40
58,79,24
78,88,32
33,69,37
94,80,27
51,83,21
95,73,32
45,88,20
99,58,21
74,87,35
92,89,23
83,76,35
44,72,42
87,76,35
40,68,40
89,66,21
68,82,35
59,64,31
25,60,21
10,65,30
9,89,29
83,71,38
48,60,35
6,67,44
54,85,32
20,70,25
17,65,20
91,60,38
29,78,34
93,59,28
24,72,24
21,76,31
43,84,22
67,84,25
62,71,25
78,60,39
7,78,38
73,77,36
48,74,41
29,61,40
11,86,20
67,75,33
20,74,42
60,64,43
85,84,26
77,71,29
46,86,42
19,78,41
40,59,26
64,77,25
51,82,22
26,72,38
72,85,29
32,72,20
37,84,22
64,75,24
42,81,41
25,88,32
28,68,23
84,58,32
39,62,38
25,66,42
97,64,24
47,68,43
16,68,35
60,60,28
20,83,42
70,68,21
39,87,26
29,85,29
64,61,35
32,68,31
99,63,34
60,82,29
17,62,23
47,75,22
57,80,39
23,89,24
39,73,31
72,78,22
7,81,37
55,80,35
88,86,42
59,82,38
78,76,28
58,68,27
65,62,42
7,69,25
41,77,35
76,75,22
6,86,41
7,78,31
84,66,20
91,60,25
58,74,43
79,80,24
10,84,38
11,62,41
50,64,31
29,67,27
83,82,34
81,64,24
20,76,44
42,86,35
27,79,36
24,79,20
37,65,30
39,65,36
51,89,33
60,68,36
56,66,33
12,85,29
55,82,20
65,61,21
23,75,23
50,61,36
93,86,43
35,86,44
95,65,25
63,85,28
98,84,39
60,83,34
35,77,30
80,76,30
43,88,43
13,60,31
89,85,34
25,63,20
94,60,25
52,85,41
54,58,37
87,80,31
39,70,33
57,76,30
97,89,24
96,64,26
96,61,21
54,73,41
87,77,26
24,63,39
19,75,20
38,81,25
12,81,36
54,70,43
94,75,22
86,89,38
32,81,34
30,79,30
86,60,40
62,88,28
84,63,27
75,77,38
72,58,36
14,84,43
94,73,28
74,78,41
24,83,37
69,80,21
31,86,38
85,58,26
86,71,33
70,84,28
52,61,39
51,75,36
51,82,33
46,66,29
32,78,24
23,82,25
73,61,25
97,77,25
32,64,44
20,68,33
39,69,30
55,62,25
18,61,32
75,72,40
46,72,25
8,61,44
25,64,41
89,83,30
52,61,25
67,78,28
14,59,42
12,78,42
72,71,43
44,59,29
68,89,29
97,69,26
93,71,21
70,81,39
53,66,30
59,62,23
21,88,28
48,58,29
41,58,37
48,63,20
95,78,23
31,72,42
76,73,39
66,68,34
43,75,39
7,82,28
50,65,25
84,69,29
47,80,34
59,77,24
81,89,31
79,62,27
98,79,39
37,76,40
6,88,42
68,83,33
57,83,44
50,64,29
59,74,40
60,67,27
38,60,40
21,69,22
82,68,36
45,77,33
65,84,25
34,75,33
74,72,32
66,73,39
41,85,44
64,71,37
97,66,22
10,89,36
98,73,32
82,77,25
31,63,43
8,77,29
27,75,25
70,75,20
41,85,27
6,79,20
13,85,41
25,72,37
57,86,26
8,65,41
30,61,32
79,64,43
44,72,25
85,80,44
50,86,39
89,71,34
64,88,40
48,70,28
33,82,39
73,73,28
12,84,23
29,83,35
12,66,30
6,58,33
23,73,34
76,72,43
72,73,37
69,75,24
82,80,36
41,88,21
88,77,37
92,65,38
64,66,31
30,86,26
16,63,43
18,65,23
31,58,26
17,80,20
25,86,25
7,85,39
11,73,40
73,87,28
20,88,25
38,79,44
11,89,22
31,83,38
40,74,30
69,69,27
82,77,41
22,68,33
37,74,29
12,68,22
61,74,28
27,89,39
48,71,22
80,69,28
52,88,41
58,89,24
79,74,43
36,84,23
48,67,30
81,82,34
59,80,37
28,60,36
86,61,40
7,87,28
58,62,37
27,59,31
44,85,34
97,63,21
50,69,42
62,88,20
28,58,22
91,58,34
85,59,21
74,78,31
50,84,38
74,65,41
96,60,35
53,89,28
39,60,38
62,74,44
13,89,36
67,75,30
80,85,40
37,76,28
56,87,20
24,71,29
36,60,23
15,85,33
74,60,37
18,85,27
28,65,35
34,84,40
67,87,30
61,87,29
34,66,32
52,80,38
42,61,22
5,73,36
85,62,21
61,62,26
45,66,20
10,76,30
97,65,31
68,74,23
32,84,43
82,78,23
22,89,38
43,88,27
40,85,24
68,63,29
23,86,24
24,76,31
86,77,33
90,73,38
49,76,31
20,76,33
32,77,38
17,69,40
22,70,27
33,88,24
44,87,40
11,83,29
20,85,28
14,75,21
13,84,22
35,76,33
33,73,22
67,77,36
84,68,39
85,68,29
53,64,42
85,59,38
49,81,43
91,86,36
57,84,40
63,81,24
60,82,41
19,87,26
11,88,37
52,74,24
79,84,42
57,75,29
10,61,31
29,83,42
49,68,29
69,72,20
71,88,42
32,69,38
99,81,20
92,75,41
55,86,42
47,60,21
40,73,27
76,87,44
37,73,21
57,89,20
83,83,23
24,67,20
34,65,44
10,67,43
77,70,20
20,78,26
99,76,25
8,80,37
29,58,34
13,74,23
45,74,26
11,75,30
44,84,44
50,64,21
6,88,40
88,60,21
9,66,24
40,59,22
12,80,32
78,77,41
50,83,22
9,81,31
8,85,39
29,67,41
57,66,32
23,68,20
87,60,42
85,82,29
20,68,26
39,67,25
78,64,35
99,59,37
69,84,41
6,62,36
11,78,41
5,62,31
21,66,20
61,58,30
51,69,21
72,78,35
50,68,33
19,88,38
15,73,20
32,76,24
77,61,22
70,89,32
18,78,29
87,65,35
92,68,34
99,89,35
98,82,38
43,69,29
26,58,20
6,77,29
43,70,38
35,86,41
66,80,30
76,68,22
13,87,39
41,85,25
57,68,27
64,76,34
93,60,21
67,64,28
9,68,36
92,59,36
56,89,29
14,89,20
82,67,30
73,70,24
94,73,24
52,74,37
98,86,38
7,73,23
76,69,22
26,59,41
30,88,26
90,66,40
81,63,22
78,58,28
41,83,40
13,79,40
67,76,42
48,63,41
42,84,36
29,85,34
42,78,30
42,85,43
89,83,26
8,81,36
63,89,37
43,63,36
63,86,28
28,78,40
51,89,40
35,84,20
29,84,38
22,66,21
44,89,36
33,64,23
65,69,43
43,80,22
49,75,43
42,58,31
85,76,31
48,79,23
9,81,43
80,88,28
71,89,37
83,68,28
96,66,44
84,64,44
54,73,31
10,65,26
11,73,23
49,76,26
20,73,24
68,67,44
73,76,42
11,76,35
48,66,29
24,70,37
94,87,27
88,77,23
94,69,31
10,80,21
33,74,22
86,74,36
65,67,25
43,80,43
15,72,25
76,68,41
23,61,31
88,81,25
26,87,32
56,67,38
57,72,38
42,70,43
55,71,33
60,75,42
52,64,43
32,58,38
54,71,38
16,66,27
95,64,20
39,59,33
53,73,40
88,88,34
12,66,39
44,66,23
24,64,35
86,89,22
6,84,40
23,88,28
27,85,29
11,62,44
41,87,20
87,84,39
96,83,24
80,59,27
81,73,30
72,72,34
92,87,20
29,78,43
67,81,37
67,80,25
13,71,43
22,82,35
45,86,44
29,74,22
49,66,25
52,83,22
7,77,33
9,66,30
46,71,41
63,76,37
90,82,22
24,84,44
97,60,35
71,58,26
32,89,30
49,61,32
13,72,34
40,83,40
56,80,33
